sim_start	formation_aircraft_count	formation_success_rate	formation_count	distance_penalty	hub_delay_sum	fuel_delay	config_phi_max	distance_success_rate	sim_finish	Q_avg	config_etah_slack	fuel_saved	fuel_direct	config_Z	fuel_saved_disregard_delay	distance_total	config_count_hubs	distance_solo	fuel_actual	alpha_effective	Q_sum	avg_formation_size	config_alpha	hub_delay_avg	distance_direct	config_lock_time	aircraft_count	distance_formation
0	99	0.18609022556390978	49	0.0072843911253783755	12.508326714742282	960.2351821418318	15	0.0911563472225918	1993	0.6843641570771773	0.0	0.00393309650214857	30155441.909635425	0.2	0.003964939351111529	1925994.319320966	10	1750427.7124002047	30035877.411357753	0.0045659340135585594	67.75205155064056	2.020408163265306	0.13	0.1263467344923463	1912066.0821212253	1.0	532	175566.60692076135
0	448	0.8421052631578947	129	0.017246575354247007	2157.6237976457687	233524.2470987679	15	0.4724164802150016	1990	0.7621714415288717	6.666666666666667	0.03305223294313098	30155441.909635413	0.2	0.04079624968805384	1945042.673888829	10	1026172.4600222934	28925212.972036324	0.0441675670737032	341.45280580493454	3.4728682170542635	0.13	4.816124548316448	1912066.0821212253	1.0	532	918870.2138665358
0	486	0.9135338345864662	104	0.019785223504012572	5165.63795107585	617155.559652815	15	0.4992902752483183	1981	0.7402752115810575	13.333333333333334	0.021451365926963173	30155441.90963542	0.2	0.04191717642651416	1949896.7369104356	10	976332.2584326265	28891410.930889733	0.045122512278268814	359.7737528283939	4.673076923076923	0.13	10.628884672995575	1912066.0821212253	1.0	532	973564.4784778091
0	502	0.943609022556391	90	0.022067953290660025	8041.758539456766	1003201.3680775706	15	0.5196496021907886	1994	0.7420319785172623	20.0	0.00929303864659281	30155441.909635413	0.2	0.042560711230658854	1954261.4671101319	10	938730.2731495647	28872004.854486514	0.04548649499414249	372.5000532156657	5.5777777777777775	0.13	16.019439321627022	1912066.0821212255	1.0	532	1015531.193960567
0	507	0.9530075187969925	79	0.024435778979882805	11495.510582432893	1475053.1290941897	15	0.5260605503714184	1989	0.753599303580176	26.666666666666668	-0.007445044224716035	30155441.9096354	0.2	0.0414699454316908	1958788.9062988707	10	928347.3361898581	28904897.379174296	0.04395209256840159	382.07484691514924	6.417721518987341	0.13	22.67359089237257	1912066.0821212258	1.0	532	1030441.5701090127
0	512	0.9624060150375939	72	0.025007662369237238	14152.379173021516	1848654.5294759355	15	0.5291176130466443	2000	0.749120752013703	33.333333333333336	-0.019961921134783678	30155441.909635417	0.2	0.04134225523960544	1959882.3851305826	10	922874.0956581247	28908747.933344174	0.043777627326826524	383.5498250310159	7.111111111111111	0.13	27.64136557230765	1912066.0821212248	1.0	532	1037008.289472458
0	510	0.9586466165413534	68	0.023532722194613553	16986.023569235513	2237625.5048539583	15	0.5265733465357822	1987	0.746109493947279	40.0	-0.03195583789410161	30155441.909635413	0.2	0.04224720351909628	1957062.2020495269	10	926525.4089376205	28881458.81807076	0.04492181285503814	380.5158419131123	7.5	0.13	33.305928567128454	1912066.0821212248	1.0	532	1030536.7931119065
0	516	0.9699248120300752	68	0.022688956520016346	17884.277214110185	2360170.041031099	15	0.5410337463722832	1989	0.7528186770874697	46.666666666666671	-0.03362077620098014	30155441.909635413	0.2	0.04464602712107524	1955448.866321872	10	897485.0403363155	28809121.23228982	0.047645430508380465	388.4544373771344	7.588235294117647	0.13	34.659451965329815	1912066.0821212253	1.0	532	1057963.8259855565
0	513	0.9642857142857143	64	0.025362878186685034	20247.05169931962	2693607.766813188	15	0.5410648498140328	1983	0.7612554632250685	53.333333333333336	-0.04681607563631385	30155441.909635417	0.2	0.042508026291455	1960561.5812469572	10	899770.6237384098	28873593.59211019	0.04497555228913923	390.52405263446013	8.015625	0.13	39.46793703571076	1912066.0821212246	1.0	532	1060790.9575085475
0	516	0.9699248120300752	63	0.025633781999564453	21545.994609621957	2875137.6062793205	15	0.5441465078394572	2000	0.7598067857665213	60.0	-0.05270501460318	30155441.909635417	0.2	0.042638890980927546	1961079.5672390815	10	893964.9691306212	28869647.309568778	0.04510526401956498	392.06030145552495	8.19047619047619	0.13	41.755803507019294	1912066.0821212248	1.0	532	1067114.5981084602
0	73	0.13721804511278196	35	0.007879061465567716	13.670873773319766	1081.6844782834926	15	0.0712828948863318	1989	0.70987451264394	0.0	0.0010929219713765592	30155441.90963542	0.2	0.0011287922624346747	1927131.3683084855	10	1789759.8655491988	30121402.680137526	0.0013877148696554188	51.82083942300762	2.085714285714286	0.13	0.18727224347013377	1912066.0821212253	7.5555555555555554	532	137371.50275928655
0	444	0.8345864661654135	130	0.015966090742592254	2083.0928909903473	223923.10248015155	15	0.4514498064414582	1987	0.7326411475384332	6.666666666666667	0.03193338168874682	30155441.90963542	0.2	0.039359009976707715	1942594.302694205	10	1065610.4807486266	28968553.57066205	0.04272238409479732	325.2926695070644	3.4153846153846152	0.13	4.691650655383665	1912066.0821212248	7.5555555555555554	532	876983.8219455783
0	488	0.9172932330827067	107	0.021321874524494966	4985.173268398589	591601.1359006129	15	0.5058482608775307	1990	0.7462082724208849	13.333333333333334	0.021837169612285656	30155441.90963541	0.2	0.041455556823238204	1952834.915206757	10	964996.7695684988	28905331.27402066	0.04443839938958402	364.14963694139186	4.5607476635514015	0.13	10.21551899262006	1912066.0821212253	7.5555555555555554	532	987838.145638258
0	500	0.9398496240601504	88	0.023362108903259626	7993.05948169036	1001114.7139627541	15	0.5251295555327001	1983	0.7570970192105381	20.0	0.008983770198057739	30155441.909635413	0.2	0.04218224618002875	1956735.9781619706	10	929196.083654932	28883417.635335617	0.04490473331599139	378.54850960526903	5.681818181818182	0.13	15.98611896338072	1912066.0821212255	7.5555555555555554	532	1027539.8945070388
0	510	0.9586466165413534	83	0.024497298921829502	10928.418451007134	1390780.5316552294	15	0.5317049855125067	1989	0.7513595314359592	26.666666666666668	-0.004067957327624994	30155441.90963541	0.2	0.042052425713780206	1958906.53649324	10	917346.1648867473	28887332.42886425	0.04462434919479637	383.1933610323392	6.144578313253012	0.13	21.428271472563008	1912066.082121225	7.5555555555555554	532	1041560.3716064928
0	512	0.9624060150375939	76	0.024724901200397387	14129.39024245184	1828872.9495073599	15	0.536435842661564	1981	0.7571411487341457	33.333333333333336	-0.018234746349647724	30155441.909635413	0.2	0.0424134429552151	1959341.7270903033	10	908280.5966566523	28876445.79441179	0.04501175834560593	387.6562681518826	6.7368421052631575	0.13	27.59646531728875	1912066.0821212253	7.5555555555555554	532	1051061.130433651
0	515	0.9680451127819549	72	0.02463677297936062	16479.059887769054	2154629.080782169	15	0.5397360023966256	1982	0.7531702963924277	40.0	-0.028549548912403466	30155441.90963541	0.2	0.042901205722159275	1959173.2201079815	10	901736.8982843756	28861737.092627518	0.045528907332200705	387.8827026421003	7.152777777777778	0.13	31.998174539357386	1912066.0821212255	7.5555555555555554	532	1057436.321823606
0	513	0.9642857142857143	67	0.023567311372842292	17644.615169829576	2331703.219479701	15	0.5362838970229238	1984	0.7545157928003134	46.666666666666671	-0.03397995558865796	30155441.90963542	0.2	0.04334284493494056	1957128.3388440274	10	907551.9263147512	28848419.267001484	0.0461495952401378	387.0666017065608	7.656716417910448	0.13	34.39496134469703	1912066.0821212258	7.5555555555555554	532	1049576.4125292762
0	514	0.9661654135338346	70	0.02405838287292017	19231.76992058606	2525123.907393992	15	0.5375657187395755	1981	0.752878708666695	53.333333333333336	-0.04062222239024349	30155441.90963543	0.2	0.043114700283973906	1958067.3000032217	10	905477.44453653	28855299.069770712	0.04582516056322465	386.97965625468123	7.3428571428571425	0.13	37.41589478713241	1912066.082121225	7.5555555555555554	532	1052589.8554666918
0	511	0.9605263157894737	63	0.025403588862942028	21390.82712474697	2850547.4831443634	15	0.5323238679936945	1999	0.7511416684163322	60.0	-0.05314313375098223	30155441.909635406	0.2	0.04138532620945845	1960639.422750209	10	916944.2614908936	28907449.10921477	0.043798513976238254	383.8333925607458	8.11111111111111	0.13	41.86071844373184	1912066.082121225	7.5555555555555554	532	1043695.1612593156
0	92	0.17293233082706766	44	0.007790946151728928	17.001350933312914	1348.2810479288153	15	0.09701065717615605	1985	0.8151044607372495	0.0	0.00434852641002581	30155441.909635417	0.2	0.004393237445996401	1926962.8860055793	10	1740026.9500801158	30022961.89303744	0.004820439281171358	74.98961038782696	2.090909090909091	0.13	0.18479729275340123	1912066.0821212253	14.111111111111111	532	186935.9359254635
0	440	0.8270676691729323	125	0.017619989964721583	2033.9647379206488	221332.3446628197	15	0.45083973806334077	1985	0.7397144304004769	6.666666666666667	0.030517458114222795	30155441.909635417	0.2	0.037857172959923524	1945756.6673000858	10	1068532.2410795162	29013842.12957942	0.04098917598351272	325.47434937620983	3.52	0.13	4.622647131637838	1912066.082121225	14.111111111111111	532	877224.4262205695
0	483	0.9078947368421053	106	0.018885811475595427	4899.768307952062	581317.4391695341	15	0.48866871201330103	1984	0.732033598571186	13.333333333333334	0.022109553244873736	30155441.909635417	0.2	0.04138691753989965	1948177.0016770475	10	996163.8554935901	28907401.121942103	0.0446411210861337	353.5722281098828	4.556603773584905	0.13	10.144447842550854	1912066.0821212255	14.111111111111111	532	952013.1461834573
0	496	0.9323308270676691	88	0.02170852880411811	8165.501399403012	1020951.078196325	15	0.512198143793797	1983	0.7442685922550821	20.0	0.008094517869608908	30155441.909635417	0.2	0.04195079765007881	1953574.2237403314	10	952957.1325771258	28890397.068035595	0.0448772298890755	369.15722175852073	5.636363636363637	0.13	16.462704434280266	1912066.0821212255	14.111111111111111	532	1000617.0911632057
0	506	0.9511278195488722	82	0.023650667053197738	10947.513206740854	1394358.3619526376	15	0.5291217175856694	1991	0.7537358281621431	26.666666666666668	-0.0038086313094793933	30155441.909635406	0.2	0.042430397988483026	1957287.720413187	10	921644.2799788221	28875934.507890996	0.04513515623293929	381.39032905004444	6.170731707317073	0.13	21.635401594349513	1912066.0821212258	14.111111111111111	532	1035643.440434365
0	510	0.9586466165413534	76	0.02478478426099917	13973.718060930609	1807486.731457785	15	0.5265568115134291	1994	0.7486704889181215	33.333333333333336	-0.018698033345001974	30155441.90963543	0.2	0.04124095666794969	1959456.2274593743	10	927691.2040282334	28911802.63653728	0.04366760123574662	381.82194934824196	6.7105263157894735	0.13	27.39944717829531	1912066.0821212258	14.111111111111111	532	1031765.0234311408
0	509	0.956766917293233	72	0.024334419674185703	15901.232253637034	2075095.1890286568	15	0.5345877536030621	1991	0.7570515616382979	40.0	-0.02629411468482279	30155441.90963543	0.2	0.042519175972529855	1958595.1006083395	10	911554.1455561641	28873257.368550237	0.04516198829421238	385.3392448738936	7.069444444444445	0.13	31.240141952135627	1912066.0821212255	14.111111111111111	532	1047040.9550521756
0	511	0.9605263157894737	71	0.023977644475813964	17577.161915670436	2300509.9587476295	15	0.5347595785917515	1989	0.7552463313853944	46.666666666666671	-0.033431762392360564	30155441.90963543	0.2	0.04285662249158162	1957912.9228525911	10	910900.2333085949	28863081.519647364	0.04554110074111373	385.9308753379365	7.197183098591549	0.13	34.39757713438441	1912066.082121226	14.111111111111111	532	1047012.6895439961
0	513	0.9642857142857143	70	0.023080912520396346	19092.005785939436	2506002.5372359026	15	0.5338780295288209	1988	0.7523462856801082	53.333333333333336	-0.03964506726729322	30155441.909635417	0.2	0.04345776189188333	1956198.3120958833	10	911827.0118665278	28844953.89538196	0.04632323131835038	385.9536445538955	7.328571428571428	0.13	37.21638554764023	1912066.0821212262	14.111111111111111	532	1044371.3002293556
0	510	0.9586466165413534	67	0.02400592592108941	21092.885149667192	2784922.577329392	15	0.5324370270306414	1993	0.7531496252470344	60.0	-0.049780426695760216	30155441.909635425	0.2	0.04257181226909268	1957966.998844855	10	915472.8709557928	28871670.097766895	0.045210887592893975	384.10630887598757	7.611940298507463	0.13	41.35859833268077	1912066.0821212253	14.111111111111111	532	1042494.127889062
0	103	0.19360902255639098	50	0.007472583670946387	15.614443165167867	1221.2616906659448	15	0.10532018505972104	1983	0.7436882635752399	0.0	0.005470635918833677	30155441.909635417	0.2	0.005511134801069351	1926354.1559042549	10	1723470.179713856	29989251.2042856	0.006219040386817349	76.59989114824971	2.06	0.13	0.15159653558415404	1912066.0821212253	20.666666666666664	532	202883.97619039885
0	440	0.8270676691729323	133	0.016383450444136916	1961.6555723364188	208042.4900625151	15	0.4515852652241908	1982	0.7380298244082985	6.666666666666667	0.032116954178867285	30155441.909635417	0.2	0.03901595737324737	1943392.3220235736	10	1065784.984847902	28978898.473517645	0.04232263403500789	324.7331227396513	3.308270676691729	0.13	4.458308118946406	1912066.0821212255	20.666666666666664	532	877607.3371756715
0	482	0.9060150375939849	105	0.018675592133998498	5139.317342119774	611002.98957019	15	0.4968899419689571	1994	0.7371056155053539	13.333333333333334	0.022281764792229763	30155441.909635413	0.2	0.04254354677510164	1947775.0484041744	10	979945.2176340416	28872522.45622898	0.04592010032196593	355.28490667358056	4.59047619047619	0.13	10.662484112281689	1912066.082121226	20.666666666666664	532	967829.8307701328
0	496	0.9323308270676691	90	0.023267664201577	7839.533472184948	975389.6968457208	15	0.5150902295915832	1987	0.7433765737099001	20.0	0.00869233916664025	30155441.90963541	0.2	0.04103773472637373	1956555.3936512475	10	948752.8267267758	28917930.88399122	0.04369406564532882	368.71478056011046	5.511111111111111	0.13	15.805511032630942	1912066.0821212258	20.666666666666664	532	1007802.5669244715
0	506	0.9511278195488722	79	0.025729258507127373	11391.887402273336	1461223.4386504914	15	0.53012634702583	1992	0.7538769273329445	26.666666666666668	-0.0075769385500594755	30155441.909635413	0.2	0.04087943768310054	1961262.1246308326	10	921545.3989401711	28922704.401284114	0.04318716660623052	381.46172523046994	6.405063291139241	0.13	22.513611466943352	1912066.0821212253	20.666666666666664	532	1039716.7256906613
0	508	0.9548872180451128	78	0.024114420170026296	12083.770570119279	1554715.048155504	15	0.5306980941700707	1993	0.7559128612029019	33.333333333333336	-0.009277091603350218	30155441.909635425	0.2	0.042279607609163605	1958174.4470183519	10	918974.9999331803	28880481.658415113	0.0448763320720829	384.0037334910742	6.512820512820513	0.13	23.78694994117968	1912066.0821212248	20.666666666666664	532	1039199.4470851716
0	509	0.956766917293233	78	0.021777796621105683	14920.618627740905	1920392.0776828332	15	0.5246369510243658	1981	0.7437275438482663	40.0	-0.02028923992060494	30155441.90963543	0.2	0.043393861903521125	1953706.6683837755	10	928719.9586869398	28846880.827769056	0.04642500701206187	378.55731981876755	6.5256410256410255	0.13	29.313592588881935	1912066.082121225	20.666666666666664	532	1024986.7096968357
0	507	0.9530075187969925	74	0.021848992111938026	15741.58118806899	2043486.9969900372	15	0.5257607853565223	1988	0.7476549363665358	46.666666666666671	-0.024276545401978655	30155441.909635417	0.2	0.04348856986688743	1953842.7988669968	10	926588.874471499	28844024.867281374	0.046499909984409865	379.0610527378336	6.851351351351352	0.13	31.04848360565876	1912066.0821212258	20.666666666666664	532	1027253.9243954978
0	509	0.956766917293233	74	0.021564295682233503	18728.35501924881	2432846.4319700026	15	0.5280194693961338	2000	0.74965132322129	53.333333333333336	-0.03665896054106543	30155441.909635425	0.2	0.04401790167373265	1953298.4404800572	10	921918.8343654819	28828062.632729135	0.04707823533926389	381.5725235196366	6.878378378378378	0.13	36.794410646854246	1912066.082121225	20.666666666666664	532	1031379.6061145754
0	505	0.9492481203007519	70	0.0223051223783044	19560.674576435573	2561092.6791958814	15	0.5237721784401604	2000	0.7462316795339352	60.0	-0.04207105632975461	30155441.909635413	0.2	0.04285864514404636	1954714.9500783444	10	930889.6424462604	28863020.525668446	0.04578526081891646	376.8469981646373	7.214285714285714	0.13	38.73400906224866	1912066.0821212255	20.666666666666664	532	1023825.3076320839
0	60	0.11278195488721804	30	0.006756487763907693	9.49304890789621	721.471717000112	15	0.059370321617861245	1996	0.7230283812870748	0.0	0.0007001133797416292	30155441.909635417	0.2	0.0007240384715762049	1924984.933208861	10	1810697.9586147137	30133608.20956546	0.0009616540464142693	43.38170287722449	2.0	0.13	0.15821748179827017	1912066.082121226	27.222222222222221	532	114286.97459414722
0	441	0.8289473684210527	125	0.014722972084349584	2195.338021313895	239107.6549654172	15	0.45186837716809153	1981	0.7386603288003565	6.666666666666667	0.03250300786787219	30155441.909635417	0.2	0.04043217885073924	1940217.3776717284	10	1063494.4998698742	28936191.68902196	0.04401991694750232	325.7492050009572	3.528	0.13	4.978090751278673	1912066.082121226	27.222222222222221	532	876722.877801854
0	483	0.9078947368421053	106	0.01909401616167039	4743.912043281342	562826.3679672754	15	0.4989454965822729	1982	0.7421854065025381	13.333333333333334	0.023801078316063262	30155441.90963542	0.2	0.04246525076141672	1948575.1027954295	10	976342.3305033107	28874883.507121418	0.04576889839402509	358.4755513407259	4.556603773584905	0.13	9.821764064764684	1912066.082121225	27.222222222222221	532	972232.772292119
0	495	0.9304511278195489	95	0.02072536444995987	7195.972094013108	883868.8955878726	15	0.5064814726373899	1999	0.7372189893281251	20.0	0.012736256367667065	30155441.90963541	0.2	0.04204668392619859	1951694.3485255954	10	963197.3207462806	28887505.575006127	0.045117226992900814	364.92339971742194	5.2105263157894735	0.13	14.537317361642643	1912066.082121226	27.222222222222221	532	988497.0277793148
0	497	0.9342105263157895	84	0.023159148680556463	9820.618598024108	1240440.951930707	15	0.5127718365046091	1989	0.742310339231564	26.666666666666668	-0.00027472548806461994	30155441.909635417	0.2	0.04086017001928177	1956347.9048041198	10	953187.7968157673	28923285.42620114	0.04350119006504273	368.9282385980873	5.916666666666667	0.13	19.759795971879495	1912066.0821212253	27.222222222222221	532	1003160.1079883527
0	505	0.9492481203007519	82	0.023297587299716316	12202.6319351712	1553624.5998094408	15	0.5343716698306546	1986	0.7602512419146862	33.333333333333336	-0.00820281588692695	30155441.909635417	0.2	0.0433177224114365	1956612.6085922709	10	911054.261727106	28849176.847799633	0.04617072977826879	383.92687716691654	6.158536585365853	0.13	24.163627594398417	1912066.082121225	27.222222222222221	532	1045558.3468651649
0	504	0.9473684210526315	78	0.021717252858599156	13855.740703820235	1780132.781852714	15	0.526348152000506	1997	0.7484598235038951	40.0	-0.015382278450973175	30155441.90963541	0.2	0.04364961327812533	1953590.9047090034	10	925321.9422504229	28839168.53204885	0.04670800690146662	377.2237510459631	6.461538461538462	0.13	27.491549015516338	1912066.0821212255	27.222222222222221	532	1028268.9624585805
0	502	0.943609022556391	74	0.0217069527346494	15667.843795342915	2030452.6811749577	15	0.5254467123501231	1985	0.7496194698304036	46.666666666666671	-0.02380045862768787	30155441.90963543	0.2	0.04353241904193694	1953571.2101913565	10	927073.6404544569	28842702.576030392	0.0466011198708666	376.30897385486264	6.783783783783784	0.13	31.21084421383051	1912066.0821212248	27.222222222222221	532	1026497.5697368995
0	507	0.9530075187969925	77	0.02353508070078436	16820.144907574253	2168372.1324636154	15	0.5331613661832857	1983	0.7555745489078267	53.333333333333336	-0.028919673489924635	30155441.909635417	0.2	0.0429868214956709	1957066.711669181	10	913634.34996381	28859155.311142847	0.045775896903042776	383.07629629626814	6.584415584415584	0.13	33.17582822006756	1912066.0821212255	27.222222222222221	532	1043432.361705371
0	504	0.9473684210526315	73	0.02349099922929443	19011.304533788167	2471167.82265383	15	0.5277688642704547	1986	0.7520062950932239	60.0	-0.03957781025055129	30155441.909635417	0.2	0.0423698471593118	1956982.4249826944	10	924148.0331523374	28877760.44490266	0.04511895312586468	379.01117272698485	6.904109589041096	0.13	37.72084232894478	1912066.0821212246	27.222222222222221	532	1032834.3918303569
0	80	0.15037593984962405	38	0.007244522546482113	16.786148450121708	1339.5346463197122	15	0.08440021764354538	1986	0.7435865184378474	0.0	0.003144005935575067	30155441.90963542	0.2	0.0031884269276578614	1925918.0879635161	10	1763370.1821757546	30059293.486635316	0.0037275057471787866	59.48692147502779	2.1052631578947367	0.13	0.20982685562652134	1912066.082121225	33.777777777777779	532	162547.90578776156
0	441	0.8289473684210527	127	0.017083789713142394	2050.0879940908167	221874.37592282653	15	0.44963181892518833	1990	0.7411207697781298	6.666666666666667	0.030852525099861028	30155441.909635425	0.2	0.03821021452081863	1944731.4169858168	10	1070318.292645525	29003196.00529817	0.04136834674713209	326.8342594721552	3.47244094488189	0.13	4.6487256101832575	1912066.0821212258	33.777777777777779	532	874413.1243402917
0	483	0.9078947368421053	109	0.018587228006656353	4983.528443686778	586549.9481712338	15	0.4992925071949916	1993	0.743507788143269	13.333333333333334	0.02346805779957195	30155441.909635413	0.2	0.042918939996188565	1947606.090353407	10	975180.9624726191	28861202.30775722	0.04632079792869255	359.11426167319894	4.431192660550459	0.13	10.317864272643432	1912066.0821212255	33.777777777777779	532	972425.1278807878
0	499	0.9379699248120301	101	0.022135721646902473	7388.286498143212	895714.9899632699	15	0.5187488788397712	1988	0.7525354383877557	20.0	0.012697182946592167	30155441.909635413	0.2	0.042400444886755206	1954391.0446855447	10	940552.8814404294	28876837.756910168	0.045301632602267786	375.5151837554901	4.9405940594059405	0.13	14.806185367020465	1912066.0821212258	33.777777777777779	532	1013838.1632451153
0	498	0.9360902255639098	90	0.023012126673592093	10151.437388428041	1264159.7210456897	15	0.5144042145560567	1993	0.7470260666759476	26.666666666666668	-0.0007740314947557447	30155441.909635402	0.2	0.041147414220876644	1956066.7890112777	10	949857.7887907436	28914623.45036605	0.04386042121869528	372.0189812046219	5.533333333333333	0.13	20.38441242656233	1912066.0821212253	33.777777777777779	532	1006209.000220534
0	503	0.9454887218045113	86	0.02373110496584996	12250.555127660851	1543716.0759675058	15	0.521094030585979	1992	0.7447492823945168	33.333333333333336	-0.009788657981210758	30155441.90963541	0.2	0.04140329870088477	1957441.5230176859	10	937430.4301520427	28906907.140793595	0.044011119010327324	374.6088890444419	5.848837209302325	0.13	24.354980373083205	1912066.0821212255	33.777777777777779	532	1020011.0928656433
0	503	0.9454887218045113	83	0.022391618546165448	14034.28748931882	1781210.5632566868	15	0.5289324283002077	2000	0.7593262092481384	40.0	-0.015654891125927772	30155441.909635425	0.2	0.04341274146238949	1954880.3364671443	10	920880.7330632507	28846311.50632832	0.046369597132861554	381.9410832518136	6.0602409638554215	0.13	27.901167970812764	1912066.0821212248	33.777777777777779	532	1033999.6034038936
0	508	0.9548872180451128	88	0.020781727294640007	14970.003919654982	1881269.7839188464	15	0.5306804356782686	1981	0.7555058030544518	46.666666666666671	-0.017482662866774357	30155441.90963542	0.2	0.04490308460647807	1951802.1180091992	10	916018.9196663098	28801369.550221328	0.04820672934353491	383.79694795166154	5.7727272727272725	0.13	29.468511652864137	1912066.0821212253	33.777777777777779	532	1035783.1983428893
0	506	0.9511278195488722	84	0.021428637913419646	16358.874827734517	2073762.187648622	15	0.5214761574093454	1983	0.7433207074978601	53.333333333333336	-0.025445277292220236	30155441.909635417	0.2	0.04332380902602728	1953039.053861532	10	934575.7527834368	28848993.30324691	0.04636326254979525	376.12027799391717	6.023809523809524	0.13	32.329792149672954	1912066.0821212253	33.777777777777779	532	1018463.3010780952
0	503	0.9454887218045113	85	0.021287327511354093	17890.35937192722	2259804.9166098763	15	0.5219777109293399	1997	0.7452894763847463	60.0	-0.03145862263429011	30155441.90963543	0.2	0.04347992157214742	1952768.8590346917	10	933467.0400216646	28844285.66043103	0.0465697749094601	374.88060662152736	5.91764705882353	0.13	35.567314854726085	1912066.0821212253	33.777777777777779	532	1019301.8190130271
0	77	0.14473684210526316	37	0.006785189602017461	15.147489413099791	1196.0615017096977	15	0.07418816509372077	1993	0.7007161101255268	0.0	0.0024092017906880425	30155441.909635413	0.2	0.002448864996596023	1925039.8130200042	10	1782224.6415596907	30081595.303486023	0.0028592718601662386	53.955140479665566	2.081081081081081	0.13	0.1967206417285687	1912066.082121225	40.333333333333329	532	142815.17146031343
0	449	0.8439849624060151	134	0.016063492123909562	2108.649507429661	224859.99647156382	15	0.45874514979166925	1988	0.7371109034741817	6.666666666666667	0.03267090003697182	30155441.909635417	0.2	0.04012759714475711	1942780.5405717748	10	1051539.3904748359	28945376.484963443	0.043573377349007444	330.9627956599076	3.3507462686567164	0.13	4.696324069999244	1912066.082121226	40.333333333333329	532	891241.150096939
0	480	0.9022556390977443	109	0.018500389410254447	4427.95336572656	520210.72125010873	15	0.4991688366377569	1995	0.748523790068705	13.333333333333334	0.02570657823388267	30155441.909635417	0.2	0.04295755146813296	1947440.0492186078	10	975338.6654283793	28860037.96175796	0.04639155935265395	359.2914192329784	4.4036697247706424	0.13	9.224902845263667	1912066.0821212255	40.333333333333329	532	972101.3837902285
0	494	0.9285714285714286	100	0.02061075278523905	7555.182642630673	915920.6034450723	15	0.5132499765958174	1996	0.7490448842914271	20.0	0.012576715318314724	30155441.90963541	0.2	0.04295002591975594	1951475.2034488677	10	949880.6009514183	28860264.897994876	0.04611174417221721	370.028172839965	4.94	0.13	15.293891989130918	1912066.0821212265	40.333333333333329	532	1001594.6024974494
0	500	0.9398496240601504	96	0.021778642104072654	9530.055268424332	1170443.2678468027	15	0.5140453964481594	1999	0.7408981888770605	26.666666666666668	0.0032677451250066047	30155441.909635406	0.2	0.04208141170479618	1953708.28500308	10	949413.535094618	28886458.343495972	0.04504725943418807	370.44909443853027	5.208333333333333	0.13	19.060110536848665	1912066.0821212253	40.333333333333329	532	1004294.7499084619
0	503	0.9454887218045113	99	0.02201859559358077	11359.390282319753	1386794.1122399431	15	0.5223595925250135	1982	0.7484332513729178	33.333333333333336	-0.003096600236381475	30155441.90963543	0.2	0.042891587116191454	1954167.0919316541	10	933389.1660644446	28862027.14594105	0.045888151434670996	376.46192544057766	5.08080808080808	0.13	22.583280879363326	1912066.0821212246	40.333333333333329	532	1020777.9258672096
0	504	0.9473684210526315	92	0.022027021052103635	12840.049105099499	1595427.0538844266	15	0.5253001583938751	1992	0.7524545695752102	40.0	-0.009679645296053252	30155441.90963543	0.2	0.04322712551716612	1954183.201965123	10	927650.4564421937	28851908.837182008	0.04626199953910014	379.23710306590596	5.478260869565218	0.13	25.47628790694345	1912066.0821212253	40.333333333333329	532	1026532.7455229292
0	507	0.9530075187969925	92	0.02250091556399858	14447.391146152522	1797517.6203142034	15	0.524560896168441	1982	0.7451087035244467	46.666666666666671	-0.016827664840236345	30155441.90963541	0.2	0.04278073439001506	1955089.3195878207	10	929525.9140154858	28865369.95888577	0.045692000937898755	377.7701126868945	5.510869565217392	0.13	28.495840524955664	1912066.0821212255	40.333333333333329	532	1025563.4055723349
0	503	0.9454887218045113	93	0.02173735333187432	14123.390455112834	1749840.3442597054	15	0.5217260125552854	1984	0.7520103778213167	53.333333333333336	-0.014946164728182332	30155441.909635402	0.2	0.04308118401713945	1953629.3381421878	10	934370.0935422429	28856309.76760824	0.04608702830031278	378.2612200441223	5.408602150537634	0.13	28.078311043961897	1912066.0821212262	40.333333333333329	532	1019259.244599945
0	501	0.9417293233082706	90	0.021682299632425517	15168.137099116551	1891384.9518084016	15	0.5169720524503415	1983	0.7438953723226658	60.0	-0.020186815298888883	30155441.90963542	0.2	0.042534366419362035	1953524.071830776	10	943606.7229052715	28872799.2939132	0.045524067186118886	372.69158153365555	5.566666666666666	0.13	30.27572275272765	1912066.0821212255	40.333333333333329	532	1009917.3489255046
0	78	0.14661654135338345	38	0.007071552518294721	13.900835452254434	1083.55230191932	15	0.07817402184276243	1987	0.7266378722496787	0.0	0.002611514772635437	30155441.90963541	0.2	0.002647447003546466	1925587.3578393958	10	1775056.4496675117	30075606.975311127	0.003091070321264395	56.67775403547494	2.0526315789473686	0.13	0.1782158391314671	1912066.0821212253	46.888888888888886	532	150530.9081718841
0	443	0.8327067669172933	132	0.01658720459607732	2049.847538823094	218736.77845427833	15	0.45299727589586025	1981	0.7460717265106424	6.666666666666667	0.03169362704381817	30155441.909635425	0.2	0.0389472689937439	1943781.9134265897	10	1063254.0017087017	28980969.801955637	0.042302441270384517	330.5097748442146	3.356060606060606	0.13	4.627195347230461	1912066.082121225	46.888888888888886	532	880527.911717888
0	482	0.9060150375939849	121	0.018187236708333776	4462.786005671472	508053.9288448237	15	0.4945946369930871	1996	0.7420728389495874	13.333333333333334	0.025783810338973256	30155441.90963541	0.2	0.042631645975647836	1946841.2805587398	10	983944.0241176332	28869865.78590462	0.04611006610076755	357.6791083737011	3.9834710743801653	0.13	9.258892127949112	1912066.0821212248	46.888888888888886	532	962897.2564411067
0	487	0.9154135338345865	111	0.021240946536864147	6771.458419355035	794666.1018130985	15	0.505863378503964	1999	0.7460912161891545	20.0	0.015160728423918357	30155441.909635417	0.2	0.04151305661046656	1952680.1755465143	10	964890.784806841	28903597.342527088	0.04452129266865118	363.34642228411826	4.387387387387387	0.13	13.904432072597608	1912066.082121226	46.888888888888886	532	987789.3907396732
0	497	0.9342105263157895	104	0.02032152807586196	9068.087040263264	1089922.027036552	15	0.513784777566232	1992	0.7433194759037034	26.666666666666668	0.007110223660649728	30155441.909635417	0.2	0.04325368427723231	1950922.1866919554	10	948568.0649534022	28851107.946035627	0.04647049300774819	369.4297795241406	4.778846153846154	0.13	18.24564796833655	1912066.0821212255	46.888888888888886	532	1002354.1217385533
0	503	0.9454887218045113	107	0.02195540285343145	10567.50395685046	1264570.9705183755	15	0.5191136220430894	1994	0.7448136333722093	33.333333333333336	0.0006146129707730319	30155441.909635417	0.2	0.042549696340064114	1954046.2632365786	10	939674.2298880742	28872337.013379987	0.04552936801217018	374.6412575862213	4.700934579439252	0.13	21.008954188569504	1912066.0821212248	46.888888888888886	532	1014372.0333485045
0	502	0.943609022556391	103	0.023251858741441866	11999.53372104794	1449696.6556058077	15	0.5258420400141997	1996	0.7611111216871917	40.0	-0.00569663569715817	30155441.90963543	0.2	0.04237749500037913	1956525.1725670109	10	927701.9844852397	28877529.82087563	0.045107606460404084	382.07778308697027	4.87378640776699	0.13	23.903453627585538	1912066.0821212258	46.888888888888886	532	1028823.188081771
0	502	0.943609022556391	105	0.02192317056717541	13136.11725006519	1579055.4966891112	15	0.5204257713532505	1994	0.751859920658601	46.666666666666671	-0.009616310254589644	30155441.909635436	0.2	0.04274755499470595	1953984.6329752798	10	937080.6731467218	28866370.498213634	0.045732179708747156	377.43368017061766	4.780952380952381	0.13	26.16756424315775	1912066.0821212255	46.888888888888886	532	1016903.9598285581
0	505	0.9492481203007519	102	0.023130314059207624	13521.778323690292	1640178.3227643021	15	0.5219437094158148	1989	0.749581893427372	53.333333333333336	-0.012409735079632389	30155441.90963542	0.2	0.04198105540121366	1956292.7711026494	10	935218.065449989	28889484.632178936	0.0447223681648483	378.53885618082285	4.950980392156863	0.13	26.775798660772857	1912066.0821212267	46.888888888888886	532	1021074.7056526603
0	504	0.9473684210526315	101	0.021028176974370316	13826.817563355524	1680507.0171843371	15	0.5170993635897755	1984	0.7440760067163025	60.0	-0.01265495790309501	30155441.909635425	0.2	0.04307319299650669	1952273.346082762	10	942754.0412700843	28856550.740366753	0.0461947402923005	375.0143073850164	4.99009900990099	0.13	27.43416183205461	1912066.0821212258	46.888888888888886	532	1009519.3048126777
0	65	0.12218045112781954	31	0.006744463241615373	10.054739137634108	799.4291055891241	15	0.06622038655000183	1999	0.7655172994028131	0.0	0.0015222526118239266	30155441.909635413	0.2	0.0015487628884095495	1924961.9415276314	10	1797490.2176656297	30108738.28032218	0.0018641870098848653	49.758624461182855	2.096774193548387	0.13	0.15468829442514012	1912066.0821212253	53.444444444444443	532	127471.72386200176
0	430	0.8082706766917294	135	0.016175734007894293	1891.3923362485762	197232.63338927014	15	0.43845610357412124	1998	0.7393268782890948	6.666666666666667	0.031043539176779045	30155441.909635425	0.2	0.037584071196847035	1942995.1544711357	10	1091077.0697783239	29022077.6339313	0.040823559456741466	317.9105576643108	3.185185185185185	0.13	4.398586828485061	1912066.0821212262	53.444444444444443	532	851918.084692812
0	470	0.8834586466165414	128	0.017303204028151775	4125.432269175209	456290.3640017107	15	0.4742745402756911	1997	0.7289966082341179	13.333333333333334	0.02573619699928742	30155441.90963542	0.2	0.04086747464293927	1945150.9516554782	10	1022615.3782922534	28923065.152046766	0.04435248620768807	342.6284058700354	3.671875	0.13	8.77751546633023	1912066.082121226	53.444444444444443	532	922535.573363225
0	482	0.9060150375939849	116	0.018963452288827787	6590.904515013202	760716.1825294907	15	0.4988213976986122	1981	0.7442002430905228	20.0	0.01730781761855782	30155441.909635406	0.2	0.042534315204269646	1948325.4560426176	10	976459.028887653	28872800.83832693	0.0458833294119918	358.70451716963197	4.155172413793103	0.13	13.674075757288803	1912066.082121226	53.444444444444443	532	971866.4271549645
0	496	0.9323308270676691	122	0.019754116072142613	8141.711789621249	933145.2254362678	15	0.5096439637458183	1985	0.746552718465472	26.666666666666668	0.012261630737712803	30155441.909635413	0.2	0.04320613582016364	1949837.2574450555	10	956114.4689014818	28852541.79077065	0.04649959921481377	370.2901483588741	4.065573770491803	0.13	16.414741511333165	1912066.082121226	53.444444444444443	532	993722.7885435737
0	496	0.9323308270676691	116	0.02151808584929027	9834.348047503408	1145225.6919834614	15	0.510397957966613	1982	0.745023838296314	33.333333333333336	0.003902386817883574	30155441.909635413	0.2	0.04187980049383888	1953210.0842258255	10	956295.6457571678	28892538.018656336	0.04483364868636942	369.53182379497173	4.275862068965517	0.13	19.827314611902032	1912066.082121225	53.444444444444443	532	996914.4384686576
0	503	0.9454887218045113	121	0.021505646540781242	10954.347679829434	1264519.3711364141	15	0.5243174220923527	1989	0.7573125806693906	40.0	0.0016051679838867683	30155441.90963541	0.2	0.043538540239737245	1953186.299445941	10	929096.6940543435	28842517.98860569	0.0466556183312246	380.9282280767035	4.1570247933884295	0.13	21.77802719647999	1912066.0821212255	53.444444444444443	532	1024089.6053915977
0	504	0.9473684210526315	119	0.02069414001659231	11911.777632001793	1383089.7361602082	15	0.5235604783824029	1999	0.7521528762563168	46.666666666666671	-0.0017541570095254144	30155441.909635417	0.2	0.044111187637215776	1951634.6453456187	10	929835.8768007952	28825249.55327633	0.047368722173120076	379.08504963318364	4.235294117647059	0.13	23.634479428574984	1912066.0821212248	53.444444444444443	532	1021798.7685448235
0	502	0.943609022556391	113	0.020208208913626402	11449.809400079934	1348614.2036014467	15	0.5251250118495738	1981	0.7591066641423875	53.333333333333336	-2.2639782670585973e-05	30155441.90963542	0.2	0.04469944413315263	1950705.5129653905	10	926341.257354411	28807510.418685142	0.048058042626818204	381.0715453994785	4.442477876106195	0.13	22.808385259123373	1912066.0821212258	53.444444444444443	532	1024364.2556109796
0	506	0.9511278195488722	116	0.020468589724018216	12333.012636907975	1444863.6148535667	15	0.5212567989373393	1995	0.7561656010299042	60.0	-0.0038356409380768675	30155441.909635406	0.2	0.04407821882837204	1951203.3782813759	10	934125.3512427035	28826243.742276236	0.0472947941378359	382.6197941211315	4.362068965517241	0.13	24.373542760687698	1912066.0821212255	53.444444444444443	532	1017078.0270386724
0	69	0.12969924812030076	32	0.007076374398289342	12.016728028688135	979.4504120774213	15	0.06750600946369023	1987	0.6979303867447987	0.0	0.0013168464755469733	30155441.90963541	0.2	0.0013493265305569713	1925596.5775925857	10	1795607.2368023712	30114752.371826068	0.0016994068319903886	48.157196685391106	2.15625	0.13	0.17415547867663964	1912066.0821212255	60.0	532	129989.3407902146
0	435	0.8176691729323309	149	0.014744596673173405	1868.1574018470073	186695.49097262783	15	0.44948570910152763	1981	0.7538392230112604	6.666666666666667	0.03389752989425965	30155441.909635425	0.2	0.04008863435666765	1940258.725314558	10	1068140.1563261177	28946551.42505632	0.04368854551002519	327.9200620098983	2.9194630872483223	0.13	4.294614716889672	1912066.0821212255	60.0	532	872118.5689884402
0	467	0.8778195488721805	144	0.015527890750561157	3668.3253131513957	385653.3181466401	15	0.4762661675536811	1996	0.734694400375075	13.333333333333334	0.02979334378876708	30155441.90963541	0.2	0.04258219030284893	1941756.4353522582	10	1016963.539564341	28871357.143572807	0.046386711031417394	343.10228497516005	3.2430555555555554	0.13	7.855086323664659	1912066.0821212262	60.0	532	924792.8957879172
0	489	0.9191729323308271	134	0.018267689027629208	5984.751364490506	660403.2385028788	15	0.5048852929550538	1993	0.7505053429814922	20.0	0.021928351219421494	30155441.90963541	0.2	0.04382832007021331	1946995.1107096933	10	963985.9138569726	28833779.549761184	0.04736739905652779	366.9971127179497	3.6492537313432836	0.13	12.238755346606352	1912066.0821212253	60.0	532	983009.1968527208
0	494	0.9285714285714286	134	0.01742900722931484	7322.189376378624	811073.2847680937	15	0.5092960636058546	1995	0.7457661724100105	26.666666666666668	0.018118159151639834	30155441.909635413	0.2	0.045014574306111	1945391.4956894452	10	954611.264762505	28798007.529060517	0.04877948103944625	368.4084891705452	3.6865671641791047	0.13	14.822245701171303	1912066.0821212265	60.0	532	990780.2309269401
0	502	0.943609022556391	136	0.019467370021322372	8819.87793848625	977425.1981551137	15	0.5294220464700654	1995	0.7639973136002483	33.333333333333336	0.01339143390486508	30155441.909635417	0.2	0.045804329762405116	1949288.9800470998	10	917292.4190690179	28774192.104275424	0.04935749601978613	383.5266514273246	3.6911764705882355	0.13	17.569477965112053	1912066.0821212258	60.0	532	1031996.560978082
0	504	0.9473684210526315	136	0.0181520991059001	10599.83090960952	1176412.9796823773	15	0.5114492522891997	1985	0.7401869769347204	40.0	0.005708154612413141	30155441.909635417	0.2	0.04471978585322367	1946774.09514092	10	951097.9398051134	28806897.005127195	0.048336303691695864	373.05423637509904	3.7058823529411766	0.13	21.031410534939525	1912066.0821212255	60.0	532	995676.1553358068
0	508	0.9548872180451128	138	0.019392003840489114	10738.068610779981	1188797.202106823	15	0.5179944448082825	1999	0.7492873154673385	46.666666666666671	0.005114727543190534	30155441.909635417	0.2	0.044537038304518495	1949144.8749289901	10	939498.6575892386	28812407.8382163	0.04794727398458762	380.63795625740795	3.681159420289855	0.13	21.137930336181064	1912066.0821212262	60.0	532	1009646.2173397515
0	509	0.956766917293233	138	0.019005828729288243	11499.326597602816	1274007.908628719	15	0.5159608494333014	1996	0.7429047781337634	53.333333333333336	0.0023771277000855795	30155441.909635413	0.2	0.04462515419050961	1948406.4825971026	10	943105.0187949506	28809750.66473498	0.04806908169704095	378.1385320700856	3.6884057971014492	0.13	22.591997244799245	1912066.0821212253	60.0	532	1005301.4638021521
0	506	0.9511278195488722	130	0.01798122104314337	11436.826196877912	1291773.6972410402	15	0.5110825520663044	1981	0.7346983722980049	60.0	0.002021377962097115	30155441.909635425	0.2	0.044858544836056446	1946447.364992945	10	951652.0782296174	28802712.666680947	0.048459510725476204	371.7573763827905	3.8923076923076922	0.13	22.602423313987966	1912066.082121226	60.0	532	994795.2867633277
